YEAR,MONTH,total_freight_tons,total_co2e_kg,intl_freight_tons,intl_ratio,date,port_teus,freight_lag1,freight_lag2,freight_roll3,freight_yoy,freight_mom,intl_ratio_lag1,co2e_lag1,co2e_roll3,month_num,port_lag1,port_lag2,port_roll3,port_yoy,high_carbon_risk
2008,1,27357.009000000002,173329848.18623438,27357.009000000002,1.0,2008-01-01,652236.2,28591.192,28166.167,28634.999166666665,0.17227028275028244,-0.043166545836913595,1.0,177123450.55143842,173394861.30997792,1,661402.3,736340.15,711096.2333333334,-0.056919731290539954,0
2008,2,27844.816,179240929.19989982,27844.816,1.0,2008-02-01,613725.7,27357.009000000002,28591.192,28038.122666666666,0.18021354779665444,0.017831152521096127,1.0,173329848.18623438,171529263.46670255,2,652236.2,661402.3,683326.2166666667,-0.054705711112788324,0
2008,3,33939.1315,212171219.35193777,33939.1315,1.0,2008-03-01,583923.0,27844.816,27357.009000000002,27931.005666666664,0.16192159841229659,0.21886714927475204,1.0,179240929.19989982,176564742.64585754,3,613725.7,652236.2,642454.7333333334,-0.07304856350014133,0
2008,4,31825.983,196165411.8802509,31825.983,1.0,2008-04-01,605466.35,33939.1315,27844.816,29713.652166666667,0.17333248244009636,-0.06226289261409068,1.0,212171219.35193777,188247332.24602398,4,583923.0,613725.7,616628.2999999999,-0.10915928580177736,0
2008,5,35334.1665,224867335.05963752,35334.16649999999,0.9999999999999998,2008-05-01,686847.8,31825.983,33939.1315,31203.310166666666,0.18501170492864638,0.11023016948133235,1.0,196165411.8802509,195859186.81069615,5,605466.35,583923.0,601038.35,0.007781222812213828,0
2008,6,36883.265,240156242.4287841,36883.265,1.0,2008-06-01,632280.1,35334.1665,31825.983,33699.76033333333,0.1503107380749915,0.04384137658942655,0.9999999999999998,224867335.05963752,211067988.7639421,6,686847.8,605466.35,625412.3833333334,-0.11713777754816157,0
2008,7,32000.4795,207407353.17986226,32000.4795,1.0,2008-07-01,698159.3,36883.265,35334.1665,34681.13816666667,0.09020645253890547,-0.1323848498770377,1.0,240156242.4287841,220396329.78955755,7,632280.1,686847.8,641531.4166666666,-0.025351958916650874,0
2008,8,29268.649,190440463.6299886,29268.648999999998,0.9999999999999999,2008-08-01,757068.85,32000.4795,36883.265,34739.30366666667,-0.0440167950517959,-0.08536842393252264,1.0,207407353.17986226,224143643.55609465,8,698159.3,632280.1,672429.0666666668,0.059266888873280354,0
2008,9,27616.5695,180200808.0958742,27616.569499999998,0.9999999999999999,2008-09-01,692889.9,29268.649,32000.4795,32717.464500000002,-0.0650363879582243,-0.05644536240808384,0.9999999999999999,190440463.6299886,212668019.74621165,9,757068.85,698159.3,695836.0833333334,-0.06689475041528437,0
2008,10,27106.408,174110127.83548015,27106.408,1.0,2008-10-01,706308.25,27616.5695,29268.649,29628.566000000003,-0.07003073336455723,-0.018473022147084683,0.9999999999999999,180200808.0958742,192682874.968575,10,692889.9,757068.85,716039.35,-0.03975004970795515,0
2008,11,24287.4495,154096719.92977643,24287.4495,1.0,2008-11-01,660046.5,27106.408,27616.5695,27997.208833333334,-0.13770838964350396,-0.10399601821089688,1.0,174110127.83548015,181583799.85378098,11,706308.25,692889.9,718755.6666666666,-0.10361196520385318,0
2008,12,22385.753,143589510.88986075,22385.753,1.0,2008-12-01,561033.25,24287.4495,27106.408,26336.808999999997,-0.21704023392938632,-0.07829955549675971,1.0,154096719.92977643,169469218.6203769,12,660046.5,706308.25,686414.8833333333,-0.15175189139801903,0
2009,1,19384.9475,127021513.83056588,19384.947500000002,1.0000000000000002,2009-01-01,587004.2,22385.753,24287.4495,24593.2035,-0.2914083736273948,-0.1340497905073822,1.0,143589510.88986075,157265452.88503912,1,561033.25,660046.5,642462.6666666666,-0.10001284810625355,0
2009,2,20843.8135,135741324.0812844,20843.8135,1.0,2009-02-01,413910.3,19384.9475,22385.753,22019.38333333333,-0.25142929656996116,0.07525767093256253,1.0000000000000002,127021513.83056588,141569248.21673435,2,587004.2,561033.25,602694.65,-0.32557769700698536,0
2009,3,22749.371,151633957.11867738,22749.371,1.0,2009-03-01,526487.05,20843.8135,19384.9475,20871.504666666664,-0.329700849887688,0.09142077096400802,1.0,135741324.0812844,135450782.93390366,3,413910.3,587004.2,520649.25,-0.09836219844054772,0
2009,4,22368.5765,143994874.01364705,22368.576500000003,1.0000000000000002,2009-04-01,532124.15,22749.371,20843.8135,20992.710666666666,-0.2971599180455793,-0.01673868257720179,1.0,151633957.11867738,138132265.01017588,4,526487.05,413910.3,509133.8499999999,-0.12113340402815109,0
2009,5,27310.4265,183316880.8183426,27310.426499999994,0.9999999999999998,2009-05-01,574827.8,22368.5765,22749.371,21987.253666666667,-0.22708162650447683,0.22092822938464596,1.0000000000000002,143994874.01364705,143790051.73786962,5,532124.15,526487.05,490840.5,-0.16309290063970505,0
2009,6,25412.1665,171551881.04000822,25412.1665,1.0,2009-06-01,551679.7,27310.4265,22368.5765,24142.79133333333,-0.3110109286691404,-0.06950678708734193,0.9999999999999998,183316880.8183426,159648570.65022233,6,574827.8,532124.15,544479.6666666666,-0.12747578169864915,0
2009,7,27486.7035,180141994.94098583,27486.7035,1.0,2009-07-01,576203.25,25412.1665,27310.4265,25030.38983333333,-0.14105338640316312,0.0816355819170318,1.0,171551881.04000822,166287878.62399927,7,551679.7,574827.8,552877.2166666667,-0.17468226807263043,0
2009,8,28179.7815,183987518.6267131,28179.781499999997,0.9999999999999999,2009-08-01,612581.5,27486.7035,25412.1665,26736.432166666666,-0.03720252000698765,0.0252150280589305,1.0,180141994.94098583,178336918.9331122,8,576203.25,551679.7,567570.25,-0.19085100384198872,0
2009,9,25659.937,168023441.95283335,25659.936999999998,0.9999999999999999,2009-09-01,583557.0,28179.7815,27486.7035,27026.21716666667,-0.07084994752878337,-0.08942029944412444,0.9999999999999999,183987518.6267131,178560464.86923572,9,612581.5,576203.25,580154.8166666665,-0.15779260168173903,0
2009,10,29152.3865,185709412.92841786,29152.3865,1.0,2009-10-01,647423.7,25659.937,28179.7815,27108.807333333334,0.07547951392157892,0.13610514710149135,0.9999999999999999,168023441.95283335,177384318.5068441,10,583557.0,612581.5,590780.5833333334,-0.08336947784483628,0
2009,11,24287.466,157501157.48690766,24287.466,1.0,2009-11-01,580206.15,29152.3865,25659.937,27664.035,6.793632243429215e-07,-0.1668789791875187,1.0,185709412.92841786,179240124.5026548,11,647423.7,583557.0,614520.7333333333,-0.12096170497078607,0
2009,12,29720.0495,192550697.7295883,29720.0495,1.0,2009-12-01,562989.75,24287.466,29152.3865,26366.5965,0.32763233383304113,0.22367848090863007,1.0,157501157.48690766,170411337.45605296,12,580206.15,647423.7,603728.9499999998,0.003487315591366391,0
2010,1,26405.3895,168601902.48637068,26405.389499999997,0.9999999999999999,2010-01-01,572969.15,29720.0495,24287.466,27719.967333333334,0.36215945387522996,-0.11152942393316001,1.0,192550697.7295883,178587089.38163793,1,562989.75,580206.15,596873.1999999998,-0.02390962449672407,0
2010,2,27885.687,180952190.78818426,27885.686999999998,0.9999999999999999,2010-02-01,525458.6,26405.3895,29720.0495,26804.301666666666,0.3378399782746089,0.05606043039054587,0.9999999999999999,168601902.48637068,172884585.90095556,2,572969.15,562989.75,572055.0166666667,0.269498729555655,0
2010,3,32794.7355,213132919.38674438,32794.7355,1.0,2010-03-01,550249.8,27885.687,26405.3895,28003.70866666667,0.4415666921076633,0.17604187051228104,0.9999999999999999,180952190.78818426,180701597.00138107,3,525458.6,572969.15,553805.8333333334,0.045134538446861994,0
2010,4,30245.051,195385855.30960432,30245.051,1.0,2010-04-01,595283.7,32794.7355,27885.687,29028.604000000003,0.3521222953101195,-0.07774676212893994,1.0,213132919.38674438,187562337.55376646,4,550249.8,525458.6,549559.1833333332,0.11869325983419454,0
2010,5,33605.768000000004,220437546.46191332,33605.768,0.9999999999999998,2010-05-01,689420.7,30245.051,32794.7355,30308.49116666667,0.2305105524441371,0.11111626163235777,1.0,195385855.30960432,196490321.82817766,5,595283.7,550249.8,556997.3666666667,0.19935170150086678,0
2010,6,34785.8,232106792.17256072,34785.8,1.0,2010-06-01,730317.85,33605.768000000004,30245.051,32215.184833333333,0.36886400457040946,0.03511397210145595,0.9999999999999998,220437546.46191332,209652107.052754,6,689420.7,595283.7,611651.3999999999,0.32380772756365706,0
2010,7,32639.2945,210110768.7983024,32639.2945,1.0,2010-07-01,730745.6,34785.8,33605.768000000004,32878.873,0.18745758290003756,-0.061706371565408924,1.0,232106792.17256072,215976731.31469277,7,730317.85,689420.7,671674.0833333333,0.2682080498504651,0
2010,8,32430.7035,210322525.82227072,32430.703499999996,0.9999999999999999,2010-08-01,763837.2,32639.2945,34785.8,33676.95416666667,0.15085006957914127,-0.006390793771599457,1.0,210110768.7983024,220885035.81092548,8,730745.6,730317.85,716828.0499999999,0.24691522679023103,0
2010,9,32589.3455,213351643.33815038,32589.3455,1.0,2010-09-01,711613.0,32430.7035,32639.2945,33285.266,0.2700477596651931,0.004891722438275181,0.9999999999999999,210322525.82227072,217513362.26437795,9,763837.2,730745.6,741633.5499999999,0.21944043169733196,0
2010,10,34584.2035,221407887.2382577,34584.203499999996,0.9999999999999998,2010-10-01,682384.5,32589.3455,32430.7035,32553.1145,0.18632495147524208,0.061211968801275995,1.0,213351643.33815038,211261645.9862412,10,711613.0,763837.2,735398.6,0.0539998767422325,0
2010,11,32565.203,207257944.25262713,32565.203,1.0,2010-11-01,666970.5,34584.2035,32589.3455,33201.4175,0.3408234107255159,-0.058379268442599885,0.9999999999999998,221407887.2382577,215027352.13289294,11,682384.5,711613.0,719278.2333333333,0.14954055554219825,0
2010,12,33624.4365,220893635.82452035,33624.436499999996,0.9999999999999998,2010-12-01,612651.7,32565.203,34584.2035,33246.25066666667,0.13137215669846047,0.03252654374671038,1.0,207257944.25262713,214005824.94301176,12,666970.5,682384.5,686989.3333333334,0.08821110863918924,0
2011,1,29602.0285,195101553.6241257,29602.0285,1.0,2011-01-01,660517.8,33624.4365,32565.203,33591.281,0.12106009646250437,-0.1196275214902115,0.9999999999999998,220893635.82452035,216519822.43846837,1,612651.7,666970.5,654002.2333333333,0.15279819166529296,0
2011,2,29594.12,198555555.34962717,29594.120000000003,1.0000000000000002,2011-02-01,554912.8,29602.0285,33624.4365,31930.556,0.061265587611307515,-0.000267160745419881,1.0,195101553.6241257,207751044.56709108,2,660517.8,612651.7,646713.3333333334,0.05605427335283908,0
2011,3,34627.7735,226188364.65114763,34627.7735,1.0,2011-03-01,600796.0,29594.12,29602.0285,30940.195000000003,0.055894276079768934,0.17008964956552197,1.0000000000000002,198555555.34962717,204850248.26609108,3,554912.8,660517.8,609360.7666666666,0.09186046046722773,0
2011,4,33778.9015,218975073.58629996,33778.9015,1.0,2011-04-01,617272.5,34627.7735,29594.12,31274.640666666663,0.11684061964385517,-0.024514195231177704,1.0,226188364.65114763,206615157.87496683,4,600796.0,554912.8,605408.8666666667,0.03693835393107525,0
2011,5,36740.245,243090968.4309835,36740.245,1.0,2011-05-01,692933.7,33778.9015,34627.7735,32666.931666666667,0.09327199426003285,0.0876684370567824,1.0,218975073.58629996,214572997.86235824,5,617272.5,600796.0,590993.7666666666,0.005095582421589695,0
2011,6,38347.242,257629055.21714893,38347.242,1.0,2011-06-01,640794.6,36740.245,33778.9015,35048.973333333335,0.10238206394563276,0.04373941981061891,1.0,243090968.4309835,229418135.55614367,6,692933.7,617272.5,637000.7333333333,-0.12258121583636494,0
2011,7,37830.36,249557542.903324,37830.36,1.0,2011-07-01,688325.55,38347.242,36740.245,36288.79616666667,0.15904343459384518,-0.013478987615328286,1.0,257629055.21714893,239898365.74481082,7,640794.6,692933.7,650333.6,-0.05805036663922425,0
2011,8,38732.6125,259214185.67090926,38732.612499999996,0.9999999999999998,2011-08-01,723170.55,37830.36,38347.242,37639.28233333333,0.19431921974803923,0.02384995807600032,1.0,249557542.903324,250092522.18381882,8,688325.55,640794.6,674017.95,-0.05323994432321433,0
2011,9,36336.834,237455977.31833458,36336.834,1.0,2011-09-01,705623.85,38732.6125,37830.36,38303.404833333334,0.11499121699145509,-0.06185429655693897,0.9999999999999998,259214185.67090926,255466927.93046072,9,723170.55,688325.55,684096.9,-0.008416302119269914,0
2011,10,37975.4475,244658874.19366115,37975.447499999995,0.9999999999999998,2011-10-01,712586.2,36336.834,38732.6125,37633.268833333335,0.09805760019888843,0.045095109276719114,1.0,237455977.31833458,248742568.63085595,10,705623.85,723170.55,705706.65,0.04425906508720523,0
2011,11,37783.859,235377368.31544247,37783.859000000004,1.0000000000000002,2011-11-01,694108.7,37975.4475,36336.834,37681.63133333333,0.16025252475779106,-0.005045062339291917,0.9999999999999998,244658874.19366115,247109679.0609683,11,712586.2,705623.85,713793.5333333332,0.040688756099407586,0
2011,12,35544.198,231455049.12372428,35544.198,1.0,2011-12-01,649468.7,37783.859,37975.4475,37365.38016666666,0.05709423561640925,-0.0592756023147345,1.0000000000000002,235377368.31544247,239164073.27581275,12,694108.7,712586.2,704106.25,0.06009450394081983,0
2012,1,30247.879,196975521.894163,30247.879,1.0,2012-01-01,698715.1,35544.198,37783.859,37101.16816666666,0.021817778467445148,-0.14900656922966715,1.0,231455049.12372428,237163763.87760928,1,649468.7,694108.7,685387.8666666666,0.05782932723387613,0
2012,2,33951.7005,226092521.2398884,33951.700500000006,1.0000000000000002,2012-02-01,525653.45,30247.879,35544.198,34525.312,0.1472448074144459,0.12244896576054143,1.0,196975521.894163,221269313.11110994,2,698715.1,649468.7,680764.1666666666,-0.05272783399481884,0
2012,3,38898.268,259658317.12635085,38898.268,1.0,2012-03-01,650452.25,33951.7005,30247.879,33247.92583333333,0.12332570270508425,0.1456942488050046,1.0000000000000002,226092521.2398884,218174364.08592525,3,525653.45,698715.1,624612.4166666666,0.08265076664957816,0
2012,4,34615.3205,235846303.35727748,34615.3205,1.0,2012-04-01,707182.2,38898.268,33951.7005,34365.949166666665,0.02476158083471125,-0.11010638057200894,1.0,259658317.12635085,227575453.42013407,4,650452.25,525653.45,624940.2666666666,0.14565641592651546,0
2012,5,39290.9775,266553897.62914136,39290.97750000001,1.0000000000000002,2012-05-01,731352.9,34615.3205,38898.268,35821.763,0.06942611569411139,0.13507478574407528,1.0,235846303.35727748,240532380.57450557,5,707182.2,650452.25,627762.6333333332,0.05544426544704062,0
2012,6,43164.1285,294232438.29716694,43164.1285,1.0,2012-06-01,696847.95,39290.9775,34615.3205,37601.522,0.1256123321724154,0.09857609167397263,1.0000000000000002,266553897.62914136,254019506.0375899,6,731352.9,707182.2,696329.1166666666,0.0874747540007359,0
2012,7,44474.4945,303869876.24859565,44474.4945,1.0,2012-07-01,726375.25,43164.1285,39290.9775,39023.4755,0.17562969265954642,0.030357754124469283,1.0,294232438.29716694,265544213.0945286,7,696847.95,731352.9,711794.35,0.05527863959139667,0
2012,8,41172.16,283161287.0577828,41172.16,1.0,2012-08-01,706669.8,44474.4945,43164.1285,42309.86683333333,0.06298432619281757,-0.0742523223057655,1.0,303869876.24859565,288218737.3916347,8,726375.25,696847.95,718192.0333333333,-0.022817231702812024,0
2012,9,35273.7065,241975979.35461137,35273.7065,1.0,2012-09-01,744923.15,41172.16,44474.4945,42936.92766666666,-0.02925757098155557,-0.14326315403418244,1.0,283161287.0577828,293754533.86784846,9,706669.8,726375.25,709964.3333333334,0.055694404320375535,0
2012,10,37009.8025,244002359.16363996,37009.802500000005,1.0000000000000002,2012-10-01,718406.35,35273.7065,41172.16,40306.787000000004,-0.025428140116057985,0.04921785012867863,1.0,241975979.35461137,276335714.22032994,10,744923.15,706669.8,725989.4,0.00816764343738341,0
2012,11,32901.9075,215036211.50194144,32901.9075,1.0,2012-11-01,582981.7,37009.8025,35273.7065,37818.556333333334,-0.1292073289814044,-0.11099478307132271,1.0000000000000002,244002359.16363996,256379875.1920114,11,718406.35,744923.15,723333.1,-0.16010028400450826,0
2012,12,34787.97,226527951.87972426,34787.97,1.0,2012-12-01,588154.2,32901.9075,37009.8025,35061.805499999995,-0.021275708626200984,0.05732380409859217,1.0,215036211.50194144,233671516.67339757,12,582981.7,718406.35,682103.7333333333,-0.09440716696585993,0
2013,1,33283.0225,218783328.29564175,33283.02250000001,1.0000000000000002,2013-01-01,669000.3,34787.97,32901.9075,34899.89333333333,0.10034235788896129,-0.04326057254849891,1.0,226527951.87972426,228522174.18176854,1,588154.2,582981.7,629847.4166666666,-0.042527777058202876,0
2013,2,31616.2775,216293805.74561745,31616.2775,1.0,2013-02-01,614958.75,33283.0225,34787.97,33657.63333333333,-0.0687866282279439,-0.05007793387754966,1.0000000000000002,218783328.29564175,220115830.5591025,2,669000.3,588154.2,613378.7333333333,0.1698938720938672,0
2013,3,39835.5645,267611625.92989624,39835.5645,1.0,2013-03-01,503168.0,31616.2775,33283.0225,33229.09,0.024096098571792623,0.2599701055888062,1.0,216293805.74561745,220535028.64032784,3,614958.75,669000.3,624037.75,-0.22643360830868065,0
2013,4,36003.357,236495689.13497922,36003.356999999996,0.9999999999999998,2013-04-01,640330.2,39835.5645,31616.2775,34911.6215,0.04009890649430803,-0.09620065758074037,1.0,267611625.92989624,234229586.6570518,4,503168.0,614958.75,595709.0166666666,-0.09453292235013833,0
2013,5,40901.2405,276149405.47146934,40901.2405,1.0,2013-05-01,636851.6,36003.357,39835.5645,35818.39966666667,0.04098302212002736,0.13603963374859718,0.9999999999999998,236495689.13497922,240133706.93683097,5,640330.2,503168.0,586152.3166666665,-0.12921436422826793,0
2013,6,40966.5175,278914572.26768225,40966.5175,1.0,2013-06-01,646650.5,40901.2405,36003.357,38913.38733333333,-0.05091290097516965,0.001595966264152926,1.0,276149405.47146934,260085573.5121149,6,636851.6,640330.2,593449.9333333332,-0.07203501136797485,0
2013,7,40182.538,271937338.9353106,40182.538,1.0,2013-07-01,715640.25,40966.5175,40901.2405,39290.371666666666,-0.09650377251617781,-0.01913707944542764,1.0,278914572.26768225,263853222.29137695,7,646650.5,636851.6,641277.4333333332,-0.014778862578260998,0
2013,8,39503.496,270522511.7823397,39503.496,1.0,2013-08-01,709675.75,40182.538,40966.5175,40683.432,-0.04052893994388451,-0.016898932566180913,1.0,271937338.9353106,275667105.55815405,8,715640.25,646650.5,666380.7833333333,0.004253683969514421,0
2013,9,37153.393000000004,250930978.76796347,37153.393,0.9999999999999998,2013-09-01,710892.25,39503.496,40182.538,40217.517166666665,0.053288601808828995,-0.05949101314982341,1.0,270522511.7823397,273791474.3284442,9,709675.75,715640.25,690655.5,-0.045683772883149065,0
2013,10,38731.7065,252027212.1055196,38731.7065,1.0,2013-10-01,684207.1,37153.393000000004,39503.496,38946.475666666665,0.04652561980032188,0.042481005705185426,0.9999999999999998,250930978.76796347,264463609.82853794,10,710892.25,709675.75,712069.4166666666,-0.047604325880471365,0
2013,11,36345.6735,229117126.72949678,36345.673500000004,1.0000000000000002,2013-11-01,683849.0,38731.7065,37153.393000000004,38462.86516666666,0.1046676701039293,-0.06160412787389069,1.0,252027212.1055196,257826900.88527426,11,684207.1,710892.25,701591.7000000001,0.1730196676842517,0
2013,12,35640.1725,231741337.40025073,35640.1725,1.0,2013-12-01,653358.35,36345.6735,38731.7065,37410.257666666665,0.02449704596157809,-0.019410866055350362,1.0000000000000002,229117126.72949678,244025105.86765996,12,683849.0,684207.1,692982.7833333333,0.11086233848198312,0
2014,1,33789.6595,222369740.0442987,33789.6595,1.0,2014-01-01,685549.85,35640.1725,36345.6735,36905.85083333334,0.015222085073553826,-0.05192211120751444,1.0,231741337.40025073,237628558.74508905,1,653358.35,683849.0,673804.8166666667,0.02473773180669725,0
2014,2,33576.291,235835590.4911355,33576.291,1.0,2014-02-01,559786.35,33789.6595,35640.1725,35258.501833333336,0.061993809992336946,-0.006314609355563494,1.0,222369740.0442987,227742734.7246821,2,685549.85,653358.35,674252.3999999999,-0.08971723713175883,0
2014,3,43121.041,300115527.7235513,43121.041000000005,1.0000000000000002,2014-03-01,675274.1,33576.291,33789.6595,34335.37433333333,0.08247596190082862,0.2842705288681231,1.0,235835590.4911355,229982222.64522836,3,559786.35,685549.85,632898.1833333332,0.3420450028618671,0
2014,4,39786.875,266789308.12574068,39786.875,1.0,2014-04-01,706036.8,43121.041,33576.291,36828.99716666667,0.10508792277342338,-0.07732109250330943,1.0000000000000002,300115527.7235513,252773619.41966185,4,675274.1,559786.35,640203.4333333332,0.10261362028528431,0
2014,5,42183.354,288238948.2684937,42183.35399999999,0.9999999999999998,2014-05-01,689141.65,39786.875,43121.041,38828.068999999996,0.0313465675937139,0.06023290343863397,1.0,266789308.12574068,267580142.11347583,5,706036.8,675274.1,647032.4166666666,0.08210711883270783,0
2014,6,41541.7405,286871259.67823786,41541.74050000001,1.0000000000000002,2014-06-01,736438.8,42183.354,39786.875,41697.09,0.014041296041334306,-0.015210111078412525,0.9999999999999998,288238948.2684937,285047928.03926194,6,689141.65,706036.8,690150.85,0.1388513578818853,0
2014,7,42632.0375,302426084.3418619,42632.0375,1.0,2014-07-01,717407.0,41541.7405,42183.354,41170.6565,0.06095930276977524,0.026245818949256483,1.0000000000000002,286871259.67823786,280633172.02415746,7,736438.8,689141.65,710539.0833333334,0.002468768351137296,0
2014,8,41647.785,283227116.1053148,41647.785,1.0,2014-08-01,757702.45,42632.0375,41541.7405,42119.044,0.05428099325690061,-0.023087155991547315,1.0,302426084.3418619,292512097.4295312,8,717407.0,736438.8,714329.15,0.06767414555168316,0
2014,9,37106.001,258368560.48140222,37106.001000000004,1.0000000000000002,2014-09-01,775132.7,41647.785,42632.0375,41940.521,-0.0012755766344141328,-0.10905223411040965,1.0,283227116.1053148,290841486.70847154,9,757702.45,717407.0,737182.75,0.09036594505004092,0
2014,10,41610.7005,281794675.55251724,41610.7005,1.0,2014-10-01,715682.9,37106.001,41647.785,40461.941166666664,0.07433171063609079,0.12140083486765407,1.0000000000000002,258368560.48140222,281340586.976193,10,775132.7,757702.45,750080.7166666664,0.04600332267817753,0
2014,11,42055.714,287368022.1762906,42055.714,1.0,2014-11-01,663345.6,41610.7005,37106.001,40121.4955,0.1571037196490528,0.010694688977898936,1.0,281794675.55251724,274463450.7130781,11,715682.9,775132.7,749506.0166666666,-0.029982349904730476,0
2014,12,39148.653,260071605.7593678,39148.653,1.0,2014-12-01,658567.45,42055.714,41610.7005,40257.47183333333,0.09844173734007589,-0.06912404340584977,1.0,287368022.1762906,275843752.7367367,12,663345.6,715682.9,718053.7333333334,0.007972806959611,0
2015,1,38232.4665,258620091.72283176,38232.466499999995,0.9999999999999998,2015-01-01,529427.2,39148.653,42055.714,40938.355833333335,0.1314842193067971,-0.023402759221370806,1.0,260071605.7593678,276411434.4960586,1,658567.45,663345.6,679198.6499999999,-0.22773347554521384,0
2015,2,39022.238,269048557.3003101,39022.238,1.0,2015-02-01,502663.3,38232.4665,39148.653,39812.27783333333,0.16219620564999282,0.020657089963055153,0.9999999999999998,258620091.72283176,268686573.2194967,2,529427.2,658567.45,617113.4166666666,-0.10204437818106848,0
2015,3,50363.9125,355326415.77667564,50363.912500000006,1.0000000000000002,2015-03-01,791863.6,39022.238,38232.4665,38801.119166666664,0.1679660632497253,0.29064643857689565,1.0,269048557.3003101,262580084.92750326,3,502663.3,529427.2,563552.65,0.1726550744356996,1
2015,4,40963.037,278338158.9545087,40963.037,1.0,2015-04-01,662973.25,50363.9125,39022.238,42539.539,0.029561557674484318,-0.18665895942853927,1.0000000000000002,355326415.77667564,294331688.26660585,4,791863.6,502663.3,607984.6999999998,-0.06099335048824661,0
2015,5,49788.001,343319442.279947,49788.001000000004,1.0000000000000002,2015-05-01,694791.05,40963.037,50363.9125,43449.729166666664,0.18027601598488352,0.21543724895202465,1.0,278338158.9545087,300904377.34383154,5,662973.25,791863.6,652500.0499999999,0.008197734094289588,1
2015,6,42902.106,292612922.4467521,42902.106,1.0,2015-06-01,721802.6,49788.001,40963.037,47038.31683333332,0.032746954836906816,-0.13830430749770406,1.0000000000000002,343319442.279947,325661339.00371045,6,694791.05,662973.25,716542.6333333333,-0.019874292337666133,0
2015,7,46688.9925,322594575.6141639,46688.9925,1.0,2015-07-01,699127.95,42902.106,49788.001,44551.04799999999,0.09516211839511546,0.08826807942714976,1.0,292612922.4467521,304756841.2270693,7,721802.6,694791.05,693188.9666666667,-0.025479330421922297,1
2015,8,41604.3045,289570491.3556863,41604.3045,1.0,2015-08-01,786667.8,46688.9925,42902.106,46459.69983333334,-0.0010440051013518303,-0.10890549844270048,1.0,322594575.6141639,319508980.113621,8,699127.95,721802.6,705240.5333333332,0.03822786900055575,0
2015,9,41826.4935,287049164.9457396,41826.4935,1.0,2015-09-01,730306.9,41604.3045,46688.9925,43731.801,0.1272164170965231,0.005340529127220384,1.0,289570491.3556863,301592663.13886744,9,786667.8,699127.95,735866.1166666666,-0.0578298399744972,0
2015,10,44149.022,301588149.841724,44149.022000000004,1.0000000000000002,2015-10-01,704588.9,41826.4935,41604.3045,43373.2635,0.0610016526878705,0.05552768844942735,1.0,287049164.9457396,299738077.30519664,10,730306.9,786667.8,738700.8833333333,-0.015501278569042265,0
2015,11,40968.385500000004,274542490.71156615,40968.385500000004,1.0,2015-11-01,709968.7,44149.022,41826.4935,42526.60666666667,-0.025854477229895423,-0.07204319271217363,1.0000000000000002,301588149.841724,292735935.38105005,11,704588.9,730306.9,740521.2000000001,0.07028478066335242,0
2015,12,39466.317,267120717.62723616,39466.317,1.0,2015-12-01,626276.65,40968.385500000004,44149.022,42314.63366666667,0.008114302170243448,-0.03666408821504574,1.0,274542490.71156615,287726601.83300996,12,709968.7,704588.9,714954.8333333334,-0.0490318797262147,0
2016,1,38070.4005,259028364.7787624,38070.4005,1.0,2016-01-01,704398.45,39466.317,40968.385500000004,41527.90816666667,-0.0042389627151049325,-0.03536981928159144,1.0,267120717.62723616,281083786.0601755,1,626276.65,709968.7,680278.0833333334,0.3304916143333776,0
2016,2,37929.468,263088237.47022513,37929.468,1.0,2016-02-01,713721.0,38070.4005,39466.317,39501.70100000001,-0.02800377569323409,-0.0037018917098075033,1.0,259028364.7787624,266897191.03918827,2,704398.45,626276.65,680214.6,0.4198788731940446,0
2016,3,46722.072,323964260.37642217,46722.072,1.0,2016-03-01,612863.2,37929.468,38070.4005,38488.7285,-0.07231051598701743,0.2318145880664606,1.0,263088237.47022513,263079106.62540793,3,713721.0,704398.45,681465.3666666666,-0.2260495368141685,1
2016,4,42787.849,293397200.06725323,42787.849,1.0,2016-04-01,656177.05,46722.072,37929.468,40907.3135,0.04454777120163245,-0.0842048058142626,1.0,323964260.37642217,282026954.2084699,4,612863.2,713721.0,676994.2166666667,-0.010251092332910772,0
2016,5,46741.9,322940758.2195092,46741.9,1.0,2016-05-01,770409.3,42787.849,46722.072,42479.79633333333,-0.06118142803122373,0.09241060470228346,1.0,293397200.06725323,293483232.6379669,5,656177.05,612863.2,660920.4166666666,0.1088359586669978,1
2016,6,46408.248,320424791.39597434,46408.248,1.0,2016-06-01,676006.9,46741.9,42787.849,45417.27366666667,0.08172423983102362,-0.0071381779516879185,1.0,322940758.2195092,313434072.8877282,6,770409.3,656177.05,679816.5166666666,-0.06344629404216606,1
2016,7,47337.5645,330436061.4565175,47337.56450000001,1.0000000000000002,2016-07-01,687891.8,46408.248,46741.9,45312.66566666667,0.013891325669535437,0.020024813261642738,1.0,320424791.39597434,312254249.8942456,7,676006.9,770409.3,700864.4166666666,-0.016071664707440037,1
2016,8,42538.843,296407343.00181544,42538.843,1.0,2016-08-01,798932.75,47337.5645,46408.248,46829.23750000001,0.022462543509169874,-0.10137237837827506,1.0000000000000002,330436061.4565175,324600537.0240004,8,687891.8,676006.9,711436.0,0.015591015673960484,0
2016,9,42553.0865,295115267.93879175,42553.0865,1.0,2016-09-01,747707.4,42538.843,47337.5645,45428.218499999995,0.017371597262868743,0.0003348351528977833,1.0,296407343.00181544,315756065.2847691,9,798932.75,687891.8,720943.8166666668,0.023826284538732923,0
2016,10,48770.8895,338648451.2378283,48770.8895,1.0,2016-10-01,814574.5,42553.0865,42538.843,44143.16466666667,0.10468787960920167,0.14611873101143913,1.0,295115267.93879175,307319557.46570826,10,747707.4,798932.75,744843.9833333334,0.15609896778107069,1
2016,11,45473.379,309652074.6272363,45473.379,1.0,2016-11-01,877564.2,48770.8895,42553.0865,44620.939666666665,0.10996268085790195,-0.06761226899501183,1.0,338648451.2378283,310057020.7261452,11,814574.5,747707.4,787071.5499999999,0.2360604066066574,0
2016,12,44339.722,308222487.41614395,44339.721999999994,0.9999999999999999,2016-12-01,796536.25,45473.379,48770.8895,45599.11833333334,0.12348263963926498,-0.02493012450207399,1.0,309652074.6272363,314471931.2679522,12,877564.2,814574.5,813282.0333333332,0.27186004779197814,0
2017,1,38897.6585,264132008.8447029,38897.658500000005,1.0000000000000002,2017-01-01,826639.55,44339.722,45473.379,46194.6635,0.021729689972659783,-0.12273562518050973,0.9999999999999999,308222487.41614395,318841004.4270696,1,796536.25,877564.2,829558.3166666665,0.17353970611377711,0
2017,2,39655.3725,279193500.3984246,39655.3725,1.0,2017-02-01,625381.15,38897.6585,44339.722,42903.586500000005,0.04550299782744105,0.019479681534044113,1.0000000000000002,264132008.8447029,294002190.2960277,2,826639.55,796536.25,833580.0,-0.12377364544408809,0
2017,3,47560.4835,336937881.2408974,47560.4835,1.0,2017-03-01,788523.7,39655.3725,38897.6585,40964.251,0.017944655793518782,0.19934527156440174,1.0,279193500.3984246,283849332.21975714,3,625381.15,826639.55,749518.9833333334,0.28662269165451604,1
2017,4,43348.215,304472031.32751554,43348.215,1.0,2017-04-01,714755.05,47560.4835,39655.3725,42037.83816666666,0.013096381638628252,-0.0885665617760174,1.0,336937881.2408974,293421130.16134167,4,788523.7,625381.15,746848.1333333333,0.08927163789102344,0
2017,5,51655.5345,368958816.0773956,51655.5345,1.0,2017-05-01,796216.7,43348.215,47560.4835,43521.356999999996,0.10512269505518601,0.19164155894308466,1.0,304472031.32751554,306867804.3222792,5,714755.05,788523.7,709553.2999999999,0.0334982975932403,1
2017,6,50490.4525,354477982.0651639,50490.4525,1.0,2017-06-01,731032.35,51655.5345,43348.215,47521.411,0.08796290909322835,-0.02255483388716073,1.0,368958816.0773956,336789576.21526957,6,796216.7,714755.05,766498.4833333334,0.08139776383939279,1
2017,7,52061.3715,372930826.5379237,52061.371499999994,0.9999999999999999,2017-07-01,796804.0,50490.4525,51655.5345,48498.06733333333,0.09978981914035745,0.031113189171754874,1.0,354477982.0651639,342636276.49002504,7,731032.35,796216.7,747334.6999999998,0.15832751604249373,1
2017,8,49234.315,350728981.17049336,49234.315,1.0,2017-08-01,847857.05,52061.3715,50490.4525,51402.45283333334,0.15739666450260525,-0.05430238233351192,0.9999999999999999,372930826.5379237,365455874.8934944,8,796804.0,731032.35,774684.35,0.06123706907746618,1
2017,9,47658.407999999996,333578513.5873011,47658.408,1.0000000000000002,2017-09-01,763784.5,49234.315,52061.3715,50595.37966666667,0.11997535125918546,-0.03200830558930301,1.0,350728981.17049336,359379263.25786036,9,847857.05,796804.0,791897.7999999999,0.021501860219652835,1
2017,10,51013.475,360899268.6028845,51013.475,1.0,2017-10-01,748762.2,47658.407999999996,49234.315,49651.36483333333,0.045982050419646425,0.07039821808567348,1.0000000000000002,333578513.5873011,352412773.7652394,10,763784.5,847857.05,802815.1833333332,-0.08079346947394017,1
2017,11,46012.213,319005151.25213397,46012.213,1.0,2017-11-01,924225.75,51013.475,47658.407999999996,49302.06599999999,0.011849438327422357,-0.09803805759164608,1.0,360899268.6028845,348402254.4535597,11,748762.2,763784.5,786801.25,0.05317166538926732,1
2017,12,46738.194,332374185.19990075,46738.194,1.0,2017-12-01,779210.95,46012.213,51013.475,48228.032,0.05409307708334299,0.01577800659142392,1.0,319005151.25213397,337827644.4807732,12,924225.75,748762.2,812257.4833333333,-0.021750799163252177,1
2018,1,43992.6555,311581235.60536844,43992.65549999999,0.9999999999999999,2018-01-01,808728.5,46738.194,46012.213,47921.293999999994,0.1309846709667628,-0.0587429308886005,1.0,332374185.19990075,337426201.6849731,1,779210.95,924225.75,817399.6333333333,-0.021667303481910594,1
2018,2,43197.2215,302920088.2421215,43197.2215,1.0,2018-02-01,725059.45,43992.6555,46738.194,45581.020833333336,0.08931574151774768,-0.018081063553892607,0.9999999999999999,311581235.60536844,320986857.3524678,2,808728.5,779210.95,837388.3999999999,0.15938807877404026,0
2018,3,54074.2045,383133299.98848456,54074.2045,1.0,2018-03-01,577865.9,43197.2215,43992.6555,44642.69033333333,0.13695657656634208,0.2517982088269266,1.0,302920088.2421215,315625169.6824636,3,725059.45,808728.5,770999.6333333333,-0.26715468412680554,1
2018,4,50700.5765,357015116.2004784,50700.57650000001,1.0000000000000002,2018-04-01,705535.95,54074.2045,43197.2215,47088.02716666667,0.16961163222061182,-0.06238886047782721,1.0,383133299.98848456,332544874.6119916,4,577865.9,725059.45,703884.6166666666,-0.012898264937057924,1
2018,5,52110.345,365903241.2806371,52110.344999999994,0.9999999999999999,2018-05-01,768804.35,50700.5765,54074.2045,49324.00083333333,0.008804680938883758,0.027805768638548,1.0000000000000002,357015116.2004784,347689501.4770282,5,705535.95,577865.9,669487.1,-0.034428253012025456,1
2018,6,53400.495,378888432.6295767,53400.494999999995,0.9999999999999999,2018-06-01,723141.15,52110.345,50700.5765,52295.041999999994,0.057635500493880665,0.02475803988632208,0.9999999999999999,365903241.2806371,368683885.82320005,6,768804.35,705535.95,684068.7333333333,-0.010794597530464856,1
2018,7,54967.812,397353675.9681276,54967.812000000005,1.0000000000000002,2018-07-01,833567.85,53400.495,52110.345,52070.47216666667,0.05582719809830583,0.029350233551205696,0.9999999999999999,378888432.6295767,367268930.0368974,7,723141.15,768804.35,732493.8166666668,0.046139138357739196,1
2018,8,56638.595,412934402.6437756,56638.594999999994,0.9999999999999999,2018-08-01,826638.4,54967.812,53400.495,53492.884,0.15038860599563542,0.030395661373605387,1.0000000000000002,397353675.9681276,380715116.62611383,8,833567.85,723141.15,775171.1166666666,-0.025026211670941545,1
2018,9,53217.7435,382051810.95339876,53217.74349999999,0.9999999999999999,2018-09-01,801264.15,56638.595,54967.812,55002.30066666667,0.11664962665139811,-0.06039788769477783,0.9999999999999999,412934402.6437756,396392170.4138267,9,826638.4,833567.85,794449.1333333333,0.04907097486267409,1
2018,10,52446.0595,370325463.8064198,52446.0595,1.0,2018-10-01,952553.75,53217.7435,56638.595,54941.383499999996,0.028082472327164654,-0.014500502074087263,0.9999999999999999,382051810.95339876,397446629.8551007,10,801264.15,826638.4,820490.1333333333,0.27217125811105314,1
2018,11,49729.9875,351027301.1059502,49729.987499999996,0.9999999999999999,2018-11-01,832330.9,52446.0595,53217.7435,54100.79933333333,0.08079973245364225,-0.05178791363724855,1.0,370325463.8064198,388437225.80119807,11,952553.75,801264.15,860152.1,-0.09942900855121162,1
2018,12,45509.438,324943379.53795516,45509.437999999995,0.9999999999999999,2018-12-01,903258.15,49729.9875,52446.0595,51797.930166666665,-0.026290189988941393,-0.08486930546684734,0.9999999999999999,351027301.1059502,367801525.28858966,12,832330.9,952553.75,862049.6,0.15919591479046868,1
2019,1,42885.5395,301517736.14290625,42885.5395,1.0,2019-01-01,852449.5,45509.438,49729.9875,49228.495,-0.02516592798086492,-0.05765613937047531,0.9999999999999999,324943379.53795516,348765381.48344177,1,903258.15,832330.9,896047.6,0.054061406269223955,0
2019,2,42586.3705,298171506.3323894,42586.370500000005,1.0000000000000002,2019-02-01,705306.55,42885.5395,45509.438,46041.655000000006,-0.014140978951620808,-0.006975987791875693,1.0,301517736.14290625,325829472.2622705,2,852449.5,903258.15,862679.5166666666,-0.027243145372424116,0
2019,3,53083.34,377995730.27647585,53083.33999999999,0.9999999999999999,2019-03-01,650977.15,42586.3705,42885.5395,43660.44933333333,-0.01832416230922085,0.24648659598732414,1.0000000000000002,298171506.3323894,308210874.004417,3,705306.55,852449.5,820338.0666666668,0.12651940528070615,1
2019,4,43404.9535,301014431.86902684,43404.9535,1.0,2019-04-01,736465.95,53083.34,42586.3705,46185.083333333336,-0.1438962533295849,-0.1823243695667981,0.9999999999999999,377995730.27647585,325894990.91725725,4,650977.15,705306.55,736244.4,0.043839013447861896,0
2019,5,47057.558,333346734.933734,47057.558000000005,1.0000000000000002,2019-05-01,828662.15,43404.9535,53083.34,46358.22133333333,-0.09696322294546322,0.08415178926525035,1.0,301014431.86902684,325727222.8259641,5,736465.95,650977.15,697583.2166666667,0.0778583003595128,1
2019,6,45786.4675,334373114.2482024,45786.4675,1.0,2019-06-01,764777.25,47057.558,43404.9535,47848.61716666666,-0.14258346294355517,-0.02701139952906184,1.0000000000000002,333346734.933734,337452299.02641225,6,828662.15,736465.95,738701.75,0.05757672620345278,1
2019,7,48601.1065,348264955.16683096,48601.1065,1.0,2019-07-01,912154.15,45786.4675,47057.558,45416.32633333333,-0.11582606744470736,0.061473163440704415,1.0,334373114.2482024,322911427.01698774,7,764777.25,828662.15,776635.1166666667,0.09427702855862319,1
2019,8,50504.179000000004,366506366.1620417,50504.179,0.9999999999999999,2019-08-01,861080.8,48601.1065,45786.4675,47148.37733333334,-0.10830805389858267,0.03915697886425695,1.0,348264955.16683096,338661601.4495892,8,912154.15,764777.25,835197.85,0.041665618243720726,1
2019,9,44531.1435,319541315.86953294,44531.1435,1.0,2019-09-01,779902.75,50504.179000000004,48601.1065,48297.251,-0.16322751452248252,-0.11826814371143435,0.9999999999999999,366506366.1620417,349714811.85902506,9,861080.8,912154.15,846004.0666666668,-0.026659622797301052,1
2019,10,47225.8635,337511588.9590603,47225.86350000001,1.0000000000000002,2019-10-01,770188.5,44531.1435,50504.179000000004,47878.80966666667,-0.09953457037129743,0.06051315524830403,1.0,319541315.86953294,344770879.0661352,10,779902.75,861080.8,851045.9,-0.1914487765126115,1
2019,11,45697.487,323072931.9163515,45697.487,1.0,2019-11-01,728917.9,47225.8635,44531.1435,47420.39533333334,-0.08108790495875351,-0.03236312449850698,1.0000000000000002,337511588.9590603,341186423.663545,11,770188.5,779902.75,803724.0166666666,-0.1242450568638026,1
2019,12,41685.6205,295905796.3051704,41685.620500000005,1.0000000000000002,2019-12-01,746749.75,45697.487,47225.8635,45818.16466666667,-0.08402251638440372,-0.08779184071981905,1.0,323072931.9163515,326708612.2483149,12,728917.9,770188.5,759669.7166666667,-0.1732709524956958,0
2020,1,37965.5385,264012646.23071393,37965.538499999995,0.9999999999999998,2020-01-01,806143.75,41685.6205,45697.487,44869.657,-0.114724008543719,-0.08924137281343802,1.0000000000000002,295905796.3051704,318830105.72686076,1,746749.75,728917.9,748618.7166666667,-0.05432081313907744,0
2020,2,40749.4445,294819595.59442955,40749.4445,1.0,2020-02-01,544037.3,37965.5385,41685.6205,41782.882,-0.04313412902844116,0.07332718328228105,0.9999999999999998,264012646.23071393,294330458.15074533,2,806143.75,746749.75,760603.7999999999,-0.2286512864512601,0
2020,3,44479.845499999996,318408922.6217221,44479.845499999996,1.0,2020-03-01,449568.3,40749.4445,37965.5385,40133.5345,-0.16207522925271844,0.09154483075223263,1.0,294819595.59442955,284912679.37677133,3,544037.3,806143.75,698976.9333333332,-0.3093946538676512,1
2020,4,35310.36,259087989.15950325,35310.35999999999,0.9999999999999998,2020-04-01,688999.0,44479.845499999996,40749.4445,41064.942833333334,-0.1864900857456281,-0.2061492209994299,1.0,318408922.6217221,292413721.48228854,4,449568.3,544037.3,599916.45,-0.06445233482960067,0
2020,5,40595.619,296348390.6194539,40595.619,1.0,2020-05-01,581664.75,35310.36,44479.845499999996,40179.88333333333,-0.13731989662531996,0.14968012220775995,0.9999999999999998,259087989.15950325,290772169.12521833,5,688999.0,449568.3,560868.2,-0.2980676745040184,0
2020,6,42270.251,306663102.2553205,42270.251,1.0,2020-06-01,691475.4,40595.619,35310.36,40128.608166666665,-0.07679597688989659,0.041251544901926396,1.0,296348390.6194539,291281767.46689314,6,581664.75,688999.0,573410.6833333332,-0.09584732024913134,0
2020,7,45945.9975,338777641.0934194,45945.9975,1.0,2020-07-01,856389.15,42270.251,40595.619,39392.07666666667,-0.054630628625708444,0.08695823689336502,1.0,306663102.2553205,287366494.0114259,7,691475.4,581664.75,654046.3833333333,-0.06113549995908041,1
2020,8,45429.6035,334186352.0994321,45429.603500000005,1.0000000000000002,2020-08-01,961832.75,45945.9975,42270.251,42937.28916666666,-0.10047832873394513,-0.011239150918423313,1.0,338777641.0934194,313929711.3227313,8,856389.15,691475.4,709843.1,0.11700638314081546,1
2020,9,46915.6155,337932377.52968496,46915.6155,1.0,2020-09-01,883624.8,45429.6035,45945.9975,44548.61733333333,0.05354616595462014,0.03271021284612363,1.0000000000000002,334186352.0994321,326542365.1493907,9,961832.75,856389.15,836565.7666666666,0.13299356874943702,1
2020,10,52771.3095,373580865.84518033,52771.30949999999,0.9999999999999998,2020-10-01,980728.55,46915.6155,45429.6035,46097.07216666666,0.11742391962827758,0.12481332574652049,1.0,337932377.52968496,336965456.9075122,10,883624.8,961832.75,900615.5666666668,0.27336171599549997,1
2020,11,52091.3375,371642683.5341808,52091.3375,1.0,2020-11-01,929957.3,52771.3095,46915.6155,48372.17616666667,0.13991689521132744,-0.01288525917667438,0.9999999999999998,373580865.84518033,348566531.82476586,11,980728.55,883624.8,942062.0333333332,0.2758052724456348,1
2020,12,50881.1895,367169779.0710898,50881.18949999999,0.9999999999999999,2020-12-01,879186.05,52091.3375,52771.3095,50592.75416666667,0.22059330986808767,-0.023231271418208466,1.0,371642683.5341808,361051975.6363487,12,929957.3,980728.55,931436.8833333333,0.17735031046210592,1
2021,1,52094.8375,373084490.594932,52094.8375,1.0,2021-01-01,835516.2,50881.1895,52091.3375,51914.612166666666,0.372161163998767,0.02385258701548243,0.9999999999999999,367169779.0710898,370797776.1501503,1,879186.05,929957.3,929957.2999999999,0.03643574734654953,1
2021,2,53023.5015,379408059.1792719,53023.501500000006,1.0000000000000002,2021-02-01,799315.4,52094.8375,50881.1895,51689.1215,0.30120795879806406,0.017826411302271472,1.0,373084490.594932,370632317.7334009,2,835516.2,879186.05,881553.1833333332,0.46922903999413257,1
2021,3,63071.275,454788596.50571364,63071.27500000001,1.0000000000000002,2021-03-01,957599.25,53023.5015,52094.8375,51999.842833333336,0.4179742373430684,0.1894966046329476,1.0000000000000002,379408059.1792719,373220776.28176457,3,799315.4,835516.2,838005.8833333333,1.1300417533887508,1
2021,4,58097.208,426589371.323951,58097.208000000006,1.0000000000000002,2021-04-01,946966.35,63071.275,53023.5015,56063.204666666665,0.6453303789596028,-0.07886422147007499,1.0000000000000002,454788596.50571364,402427048.7599726,4,957599.25,799315.4,864143.6166666666,0.3744088888372843,1
2021,5,61147.777,449732641.93468684,61147.77699999999,0.9999999999999998,2021-05-01,1012047.85,58097.208,63071.275,58063.99483333334,0.5062654174579775,0.0525080138102334,1.0000000000000002,426589371.323951,420262009.00297886,5,946966.35,957599.25,901293.6666666666,0.7399160770873601,1
2021,6,60351.112,446292676.89222854,60351.112,1.0,2021-06-01,876430.35,61147.777,58097.208,60772.08666666667,0.42774434909317205,-0.013028519417803253,0.9999999999999998,449732641.93468684,443703536.5881172,6,1012047.85,946966.35,972204.4833333333,0.26747871290865866,1
2021,7,62625.305,461505552.56019247,62625.30499999999,0.9999999999999999,2021-07-01,890799.8,60351.112,61147.777,59865.36566666667,0.3630198147292374,0.03768270251590389,1.0,446292676.89222854,440871563.38362217,7,876430.35,1012047.85,945148.1833333332,0.04018109057079955,1
2021,8,62066.0,464886400.02879316,62066.0,1.0,2021-08-01,954377.35,62625.305,60351.112,61374.73133333334,0.3662016662769245,-0.008930974467908803,0.9999999999999999,461505552.56019247,452510290.46236926,8,890799.8,876430.35,926426.0,-0.00775124365436719,1
2021,9,56512.0305,419388837.1961693,56512.03050000001,1.0000000000000002,2021-09-01,903864.6,62066.0,62625.305,61680.805666666674,0.20454628800510988,-0.08948489511165536,1.0,464886400.02879316,457561543.16040474,9,954377.35,890799.8,907202.4999999999,0.02290542320677269,1
2021,10,59925.1975,441899176.96574146,59925.19750000001,1.0000000000000002,2021-10-01,902643.9,56512.0305,62066.0,60401.111833333336,0.13556396587050767,0.06039717507584519,1.0000000000000002,419388837.1961693,448593596.5950517,10,903864.6,954377.35,916347.25,-0.07961902404085208,1
2021,11,55013.854,400273367.7815624,55013.853999999985,0.9999999999999998,2021-11-01,811459.9,59925.1975,56512.0305,59501.076,0.05610369478418553,-0.08195790260015423,1.0000000000000002,441899176.96574146,442058138.06356806,11,902643.9,903864.6,920295.2833333332,-0.12742240960955953,1
2021,12,56949.9595,412499791.663841,56949.959500000004,1.0000000000000002,2021-12-01,786588.75,55013.854,59925.1975,57150.36066666667,0.11927335150055796,0.035193053371610716,0.9999999999999998,400273367.7815624,420520460.64782447,12,811459.9,902643.9,872656.1333333332,-0.10532162106075282,1
2022,1,51870.3295,385029047.3730304,51870.32949999999,0.9999999999999999,2022-01-01,865595.35,56949.9595,55013.854,57296.337,-0.004309601695177578,-0.08919462005938739,1.0000000000000002,412499791.663841,418224112.1370483,1,786588.75,811459.9,833564.1833333332,0.03600067838301646,1
2022,2,54507.3365,403976781.42195344,54507.336500000005,1.0000000000000002,2022-02-01,857764.4,51870.3295,56949.9595,54611.380999999994,0.02798447778858959,0.05083844705478491,0.9999999999999999,385029047.3730304,399267402.27281135,2,865595.35,786588.75,821214.6666666666,0.07312382571385467,1
2022,3,63950.652500000004,468506471.055945,63950.6525,0.9999999999999999,2022-03-01,958674.05,54507.3365,51870.3295,54442.54183333333,0.013942599067483519,0.17324853141558294,1.0000000000000002,403976781.42195344,400501873.486275,3,857764.4,865595.35,836649.5,0.0011223901856649565,1
2022,4,53772.104,400786364.51480603,53772.10400000001,1.0000000000000002,2022-04-01,887357.35,63950.652500000004,54507.3365,56776.106166666665,-0.07444598714623252,-0.15916254333761493,0.9999999999999999,468506471.055945,419170766.6169763,4,958674.05,857764.4,894011.2666666666,-0.06294732648103074,1
2022,5,52227.7005,388805272.4352098,52227.70049999999,0.9999999999999999,2022-05-01,967900.15,53772.104,63950.652500000004,57410.030999999995,-0.14587736362026704,-0.028721277114244992,1.0000000000000002,400786364.51480603,424423205.6642349,5,887357.35,958674.05,901265.2666666666,-0.04362214691726285,1
2022,6,51734.274,385188065.1414841,51734.274,1.0,2022-06-01,876611.3,52227.7005,53772.104,56650.15233333333,-0.14277844623641733,-0.009447601469645406,0.9999999999999999,388805272.4352098,419366036.001987,6,967900.15,887357.35,937977.1833333332,0.00020646249870281963,1
2022,7,52420.954,388889921.13815033,52420.954,1.0,2022-07-01,935423.8,51734.274,52227.7005,52578.02616666667,-0.1629429349685403,0.013273212261565748,1.0,385188065.1414841,391593234.0305,7,876611.3,967900.15,910622.9333333332,0.05009430850792729,1
2022,8,54179.741500000004,407063404.97119504,54179.741500000004,1.0,2022-08-01,805314.7,52420.954,51734.274,52127.64283333334,-0.12706245770631253,0.03355123029619045,1.0,388889921.13815033,387627752.90494806,8,935423.8,876611.3,926645.0833333334,-0.15618837768939087,1
2022,9,50834.3505,380141504.6054507,50834.3505,1.0,2022-09-01,709873.3,54179.741500000004,52420.954,52778.32316666667,-0.100468518822731,-0.06174616023223367,1.0,407063404.97119504,393713797.0836099,9,805314.7,935423.8,872449.9333333332,-0.21462429217827528,1
2022,10,47153.724500000004,346455047.2341728,47153.7245,0.9999999999999999,2022-10-01,678429.45,50834.3505,54179.741500000004,52478.348666666665,-0.21312358628438388,-0.07240430857870406,1.0,380141504.6054507,392031610.23826534,10,709873.3,805314.7,816870.6,-0.2483974577349939,1
2022,11,46073.3445,336599588.03090346,46073.34450000001,1.0000000000000002,2022-11-01,639343.5,47153.724500000004,50834.3505,50722.605500000005,-0.1625137824374202,-0.02291186987785032,0.9999999999999999,346455047.2341728,377886652.2702729,11,678429.45,709873.3,731205.8166666665,-0.21210709241454817,1
2022,12,43578.5265,321838276.3148065,43578.5265,1.0,2022-12-01,728871.5,46073.3445,47153.724500000004,48020.47316666666,-0.23479266916774533,-0.05414883653605829,1.0000000000000002,336599588.03090346,354398713.29017574,12,639343.5,678429.45,675882.0833333333,-0.0733766533019955,1
2023,1,38515.3085,284634125.2103582,38515.3085,1.0,2023-01-01,726013.95,43578.5265,46073.3445,45601.86516666666,-0.25746936888072014,-0.1161860761859399,1.0,321838276.3148065,334964303.859961,1,728871.5,639343.5,682214.8166666665,-0.16125479417143362,0
2023,2,40967.374,299246829.5329382,40967.373999999996,0.9999999999999998,2023-02-01,487846.15,38515.3085,43578.5265,42722.39316666667,-0.2484062397728789,0.06366469841465783,1.0,284634125.2103582,314357329.85202277,2,726013.95,728871.5,698076.3166666665,-0.43125857170104054,0
2023,3,49659.695999999996,357046908.6797663,49659.69600000001,1.0000000000000002,2023-03-01,623233.75,40967.374,38515.3085,41020.403,-0.2234685017482817,0.2121766945569905,0.9999999999999998,299246829.5329382,301906410.352701,3,487846.15,726013.95,647577.1999999998,-0.3499002606777559,1
2023,4,42084.279,305944324.5229854,42084.279,1.0,2023-04-01,688109.75,49659.695999999996,40967.374,43047.4595,-0.2173585210651232,-0.15254658425617418,1.0000000000000002,357046908.6797663,313642621.14102095,4,623233.75,487846.15,612364.6166666666,-0.224540428948946,0
2023,5,42652.5295,319827759.92954695,42652.52950000001,1.0000000000000004,2023-05-01,779140.2,42084.279,49659.695999999996,44237.11633333333,-0.18333510586015567,0.013502678755646258,1.0,305944324.5229854,320746020.91189665,5,688109.75,623233.75,599729.8833333333,-0.19502006482796808,1
2023,6,49655.9205,375666649.36871207,49655.9205,1.0,2023-06-01,833035.45,42652.5295,42084.279,44798.83483333333,-0.04017362841508121,0.16419638136584624,1.0000000000000004,319827759.92954695,327606331.0440996,6,779140.2,688109.75,696827.8999999999,-0.049709432219274485,1
2023,7,50233.902,379314378.9767032,50233.901999999995,0.9999999999999999,2023-07-01,684290.75,49655.9205,42652.5295,44797.57633333333,-0.0417209499850002,0.011639729848528457,1.0,375666649.36871207,333812911.2737482,7,833035.45,779140.2,766761.7999999999,-0.268469810154499,1
2023,8,46334.831,340022683.9737928,46334.831,1.0,2023-08-01,828015.7,50233.902,49655.9205,47514.117333333335,-0.14479416628445907,-0.07761831840178379,0.9999999999999999,379314378.9767032,358269596.0916541,8,684290.75,833035.45,765488.7999999999,0.028188980034761668,1
2023,9,43848.066,331996954.126198,43848.066,1.0,2023-09-01,748440.1,46334.831,50233.902,48741.551166666664,-0.13743235491914074,-0.05366945225288511,1.0,340022683.9737928,365001237.43973607,9,828015.7,684290.75,781780.6333333332,0.05432913169152842,1
2023,10,44615.5365,333180641.7726718,44615.53649999999,0.9999999999999997,2023-10-01,725774.55,43848.066,46334.831,46805.59966666667,-0.0538279431140164,0.017502949845040083,1.0,331996954.126198,350444672.35889804,10,748440.1,828015.7,753582.1833333332,0.06978632781934824,1
2023,11,39173.945,294020150.4599644,39173.945,1.0,2023-11-01,763261.75,44615.5365,43848.066,44932.81116666666,-0.14974818031714632,-0.12196629082337729,0.9999999999999997,333180641.7726718,335066759.9575542,11,725774.55,748440.1,767410.1166666666,0.1938210836584715,0
2023,12,40429.057,295532347.5590746,40429.05699999999,0.9999999999999998,2023-12-01,742519.0,39173.945,44615.5365,42545.84916666666,-0.07227113335279933,0.03203945888013071,1.0,294020150.4599644,319732582.11961144,12,763261.75,725774.55,745825.4666666664,0.018724150964882114,0
2024,1,35982.35,261627048.71300465,35982.35,1.0,2024-01-01,855652.3,40429.057,39173.945,41406.1795,-0.06576498017664845,-0.10998789806054599,0.9999999999999998,295532347.5590746,307577713.2639036,1,742519.0,763261.75,743851.7666666666,0.1785617893430287,0
2024,2,36670.44,264558119.5693085,36670.44,1.0,2024-02-01,781434.1,35982.35,40429.057,38528.450666666664,-0.10488673254966263,0.019122986686528343,1.0,261627048.71300465,283726515.57734793,2,855652.3,742519.0,787144.35,0.6018043803358906,0
2024,3,43749.179000000004,316132664.63638157,43749.179,0.9999999999999999,2024-03-01,743417.05,36670.44,35982.35,37693.949,-0.11902040238023193,0.19303665295535044,1.0,264558119.5693085,273905838.61379594,3,781434.1,855652.3,793201.7999999999,0.19283824086869505,1
2024,4,39320.45,281540498.27910876,39320.450000000004,1.0000000000000002,2024-04-01,770337.1,43749.179000000004,36670.44,38800.65633333334,-0.06567366878258751,-0.10122999108166131,0.9999999999999999,316132664.63638157,280772610.97289824,4,743417.05,781434.1,793501.1499999999,0.11949743482053554,0
2024,5,45259.1735,331104711.9612501,45259.173500000004,1.0000000000000002,2024-05-01,752893.3,39320.45,43749.179000000004,39913.35633333334,0.061113468076963606,0.15103396578625117,1.0000000000000002,281540498.27910876,287410427.49493295,5,770337.1,743417.05,765062.75,-0.03368700523987844,1
2024,6,47726.188500000004,356383921.8351726,47726.1885,0.9999999999999999,2024-06-01,827757.05,45259.1735,39320.45,42776.267499999994,-0.038862072851916896,0.05450861801530693,1.0000000000000002,331104711.9612501,309592624.9589135,6,752893.3,770337.1,755549.1499999999,-0.006336344989880005,1
2024,7,47663.815,356277122.0177847,47663.81500000001,1.0000000000000002,2024-07-01,939600.35,47726.188500000004,45259.1735,44101.937333333335,-0.05116240024515717,-0.001306903022436079,0.9999999999999999,356383921.8351726,323009710.6918438,7,827757.05,752893.3,783662.4833333334,0.3731010539014301,1
2024,8,45704.208,340597357.31967735,45704.20800000001,1.0000000000000002,2024-08-01,960597.05,47663.815,47726.188500000004,46883.059,-0.01361012841505782,-0.041113095961789914,1.0000000000000002,356277122.0177847,347921918.60473585,8,939600.35,827757.05,840083.5666666665,0.16011936730185194,1
2024,9,40599.773,299985756.3418541,40599.773,1.0,2024-09-01,954706.4,45704.208,47663.815,47031.40383333334,-0.07408064474268938,-0.11168413639286778,1.0000000000000002,340597357.31967735,351086133.72421163,9,960597.05,939600.35,909318.1499999999,0.27559493405016644,0
2024,10,42513.484,312391212.5717053,42513.484000000004,1.0000000000000002,2024-10-01,905025.75,40599.773,45704.208,44655.932,-0.04711480943415314,0.04713600245991523,1.0,299985756.3418541,332286745.22643876,10,954706.4,960597.05,951634.6,0.2469791755580295,1
2024,11,41585.4115,312607398.22290754,41585.4115,1.0,2024-11-01,884315.05,42513.484,40599.773,42939.155,0.061557918151975866,-0.021830073959593466,1.0000000000000002,312391212.5717053,317658108.74441224,11,905025.75,954706.4,940109.7333333333,0.15859998224724348,1
2024,12,39906.862,302473975.5010467,39906.861999999994,0.9999999999999998,2024-12-01,921616.75,41585.4115,42513.484,41566.22283333333,-0.01291632896607009,-0.0403639026152236,1.0,312607398.22290754,308328122.3788223,12,884315.05,905025.75,914682.4,0.24120291871319122,0
2025,1,35633.0685,268692768.05783385,35633.0685,1.0,2025-01-01,924245.0,39906.862,41585.4115,41335.2525,-0.009707023026567119,-0.10709420099230049,0.9999999999999998,302473975.5010467,309157528.76521987,1,921616.75,884315.05,903652.5166666666,0.08016422091076003,0
2025,2,35983.239,264658329.0175629,35983.239,1.0,2025-02-01,801398.0,35633.0685,39906.862,39041.780666666666,-0.01873991694672883,0.009827121680525464,1.0,268692768.05783385,294591380.59392935,2,924245.0,921616.75,910058.9333333332,0.02554777171869005,0
2025,3,41657.6245,307929582.5132329,41657.624500000005,1.0000000000000002,2025-03-01,778403.7,35983.239,35633.0685,37174.38983333333,-0.04780785714858804,0.15769523971980393,1.0,264658329.0175629,278608357.52548116,3,801398.0,924245.0,882419.9166666666,0.047061941880401914,0
2025,4,35682.4835,266877735.5263702,35682.4835,1.0,2025-04-01,842806.65,41657.6245,35983.239,37757.977333333336,-0.09252097826957717,-0.14343451101010318,1.0000000000000002,307929582.5132329,280426893.1962099,4,778403.7,801398.0,834682.2333333333,0.09407511334972707,0
2025,5,41493.965,313546379.6062907,41493.965000000004,1.0000000000000002,2025-05-01,716618.6,35682.4835,41657.6245,37774.449,-0.08319216213703062,0.16286650843683548,1.0,266877735.5263702,279821882.3523887,5,842806.65,778403.7,807536.1166666666,-0.0481803995333735,1
2025,6,41635.408,323285585.7244352,41635.408,1.0,2025-06-01,892339.75,41493.965,35682.4835,39611.35766666667,-0.12761925247812322,0.0034087607679818,1.0000000000000002,313546379.6062907,296117899.21529794,6,716618.6,842806.65,779276.3166666665,0.07802132280238494,1
2025,7,42164.8035,332736508.7197543,42164.803499999995,0.9999999999999998,2025-07-01,1019837.3,41635.408,41493.965,39603.95216666666,-0.11537077969944287,0.012715030917914927,1.0,323285585.7244352,301236566.9523654,7,892339.75,716618.6,817255.0,0.08539476384826816,1
2025,8,37578.417,296634184.1569649,37578.417,1.0,2025-08-01,958355.15,42164.8035,41635.408,41764.7255,-0.17779087212275946,-0.1087728655014365,0.9999999999999998,332736508.7197543,323189491.3501601,8,1019837.3,892339.75,876265.2166666667,-0.0023338610086299783,0
2025,9,34318.738,267989877.14120495,34318.738,1.0,2025-09-01,883053.25,37578.417,42164.8035,40459.54283333333,-0.15470616054922282,-0.08674338251129643,1.0,296634184.1569649,317552092.86705154,9,958355.15,1019837.3,956844.0666666665,-0.07505255018715706,0
2025,10,36817.9835,289254751.2252683,36817.9835,1.0,2025-10-01,848424.25,34318.738,37578.417,38020.65283333333,-0.1339692719608676,0.07282451644929377,1.0,267989877.14120495,299120190.00597477,10,883053.25,958355.15,953748.5666666665,-0.06254131443221367,0
2025,11,36600.039,287937186.0721042,36600.039000000004,1.0000000000000002,2025-11-01,782249.0,36817.9835,34318.738,36238.3795,-0.11988272618151208,-0.005919512131890792,1.0,289254751.2252683,284626270.8411461,11,848424.25,883053.25,896610.8833333333,-0.11541819852551427,0
2025,12,34899.204,277653041.34914476,34899.204,1.0,2025-12-01,791587.75,36600.039,36817.9835,35912.2535,-0.12548363236377746,-0.04647085212122315,1.0000000000000002,287937186.0721042,281727271.47952586,12,782249.0,848424.25,837908.8333333334,-0.1410879305307765,0
2026,1,30590.3415,239903339.13821608,30590.3415,1.0,2026-01-01,812000.25,34899.204,36600.039,36105.74216666666,-0.14151817994568727,-0.1234659248961667,1.0,277653041.34914476,284948326.2155058,1,791587.75,782249.0,807420.3333333334,-0.12144480089153853,0
2026,2,30682.2485,237695837.96290612,30682.2485,1.0,2026-02-01,824323.25,30590.3415,34899.204,34029.8615,-0.14731832506795728,0.0030044450468134087,1.0,239903339.13821608,268497855.5198217,2,812000.25,791587.75,795279.0,0.028606572514530804,0
2026,3,30909.6085,236123975.6976802,30909.608500000002,1.0000000000000002,2026-03-01,752519.5,30682.2485,30590.3415,32057.264666666666,-0.25800837491345674,0.007410147923154975,1.0,237695837.96290612,251750739.48342237,3,824323.25,812000.25,809303.75,-0.03325292518522194,0
